Location,Account,Campaign,Platform
"10 miles around Gonzales, LA",CGDR,Nationwide,BING
"10 miles around Huron, Ohio, United States",CGDR,Nationwide,BING
10 miles around Lat: 38.73 Long: -120.8,CGDR,Nationwide,BING
"10 miles around Laughlintown, PA",CGDR,Nationwide,BING
"12 miles around New Florence, PA",CGDR,Nationwide,BING
"13 miles around West Alexander, PA",CGDR,Nationwide,BING
"15 miles around 26 S Phelps St, Youngstown, OH 44503, United State",CGDR,Nationwide,BING
"15 miles around Canton, Ohio, United States",CGDR,Nationwide,BING
"15 miles around Flint, Michigan, United States",CGDR,Nationwide,BING
15 miles around Lat: 32.72 Long: -117.16,CGDR,Nationwide,BING
15 miles around Lat: 32.84 Long: -116.77,CGDR,Nationwide,BING
15 miles around Lat: 33.56 Long: -117.21,CGDR,Nationwide,BING
15 miles around Lat: 34.54 Long: -117.29,CGDR,Nationwide,BING
15 miles around Lat: 34.9 Long: -117.02,CGDR,Nationwide,BING
15 miles around Lat: 39.1 Long: -120.95,CGDR,Nationwide,BING
15 miles around Lat: 39.14 Long: -121.62,CGDR,Nationwide,BING
"15 miles around Wooster, Ohio, United States",CGDR,Nationwide,BING
"15 miles around Youngstown, Ohio, United States",CGDR,Nationwide,BING
18 miles around Lat: 43.16 Long: -77.61,CGDR,Nationwide,BING
18 miles around Lat: 43.17 Long: -78.69,CGDR,Nationwide,BING
"20 miles around Buellton, CA",CGDR,Nationwide,BING
"20 miles around Chowchilla, California, United States",CGDR,Nationwide,BING
"20 miles around Connellsville, PA",CGDR,Nationwide,BING
"20 miles around Gaffney, SC",CGDR,Nationwide,BING
"20 miles around Hanford, California, United States",CGDR,Nationwide,BING
20 miles around Lat: 25.76 Long: -80.19,CGDR,Nationwide,BING
20 miles around Lat: 29.3 Long: -94.8,CGDR,Nationwide,BING
20 miles around Lat: 29.89 Long: -81.31,CGDR,Nationwide,BING
20 miles around Lat: 33.12 Long: -117.09,CGDR,Nationwide,BING
20 miles around Lat: 33.2 Long: -117.38,CGDR,Nationwide,BING
20 miles around Lat: 34.7 Long: -118.15,CGDR,Nationwide,BING
20 miles around Lat: 35.95 Long: -85.03,CGDR,Nationwide,BING
20 miles around Lat: 36.6 Long: -121.9,CGDR,Nationwide,BING
20 miles around Lat: 36.85 Long: -121.4,CGDR,Nationwide,BING
20 miles around Lat: 38.89 Long: -121.29,CGDR,Nationwide,BING
20 miles around Lat: 39.12 Long: -77.56,CGDR,Nationwide,BING
20 miles around Lat: 42.19 Long: -88.63,CGDR,Nationwide,BING
20 miles around Lat: 43.05 Long: -76.15,CGDR,Nationwide,BING
20 miles around Lat: 44.05 Long: -123.09,CGDR,Nationwide,BING
20 miles around Lat: 44.64 Long: -123.11,CGDR,Nationwide,BING
"20 miles around New Castle, PA",CGDR,Nationwide,BING
"20 miles around St Cloud, Minnesota, United States",CGDR,Nationwide,BING
"20 miles around Tipton, California, United States",CGDR,Nationwide,BING
"22 miles around Clarksburg, PA",CGDR,Nationwide,BING
"25 miles around 23320, Virginia, United States",CGDR,Nationwide,BING
"25 miles around Ednas Mill, VA",CGDR,Nationwide,BING
"25 miles around Glens Falls, New York, United States",CGDR,Nationwide,BING
25 miles around Lat: 26.12 Long: -80.14,CGDR,Nationwide,BING
25 miles around Lat: 26.14 Long: -81.8,CGDR,Nationwide,BING
25 miles around Lat: 26.71 Long: -80.05,CGDR,Nationwide,BING
25 miles around Lat: 27.1 Long: -82.45,CGDR,Nationwide,BING
25 miles around Lat: 27.27 Long: -80.36,CGDR,Nationwide,BING
25 miles around Lat: 27.64 Long: -80.39,CGDR,Nationwide,BING
25 miles around Lat: 28.03 Long: -80.59,CGDR,Nationwide,BING
25 miles around Lat: 28.04 Long: -81.95,CGDR,Nationwide,BING
25 miles around Lat: 28.48 Long: -82.54,CGDR,Nationwide,BING
25 miles around Lat: 28.66 Long: -82.11,CGDR,Nationwide,BING
25 miles around Lat: 30.33 Long: -81.66,CGDR,Nationwide,BING
25 miles around Lat: 36.16 Long: -85.5,CGDR,Nationwide,BING
25 miles around Lat: 43.05 Long: -76.98,CGDR,Nationwide,BING
25 miles around Lat: 43.25 Long: -78.19,CGDR,Nationwide,BING
25 miles around Lat: 44.94 Long: -123.04,CGDR,Nationwide,BING
"25 miles around Newport News, Virginia, United States",CGDR,Nationwide,BING
"25 miles around Norfolk, Virginia, United States",CGDR,Nationwide,BING
"25 miles around Petersburg, Virginia, United States",CGDR,Nationwide,BING
"25 miles around Richmond, Virginia, United States",CGDR,Nationwide,BING
"25 miles around Rushmere, Virginia, United States",CGDR,Nationwide,BING
"25 miles around Suffolk, Virginia, United States",CGDR,Nationwide,BING
"25 miles around Varina, VA",CGDR,Nationwide,BING
"25 miles around Virginia Beach, Virginia, United States",CGDR,Nationwide,BING
"25 miles around Ware Neck, VA",CGDR,Nationwide,BING
"25 miles around Williamsburg, Virginia, United States",CGDR,Nationwide,BING
"30 miles around Albany, NY",CGDR,Nationwide,BING
"30 miles around Capac, Michigan, United States",CGDR,Nationwide,BING
"30 miles around Fresno, California, United States",CGDR,Nationwide,BING
"30 miles around Grand Rapids, Michigan, United States",CGDR,Nationwide,BING
"30 miles around Kalamazoo, MI",CGDR,Nationwide,BING
"30 miles around Kansas City, Kansas, United States",CGDR,Nationwide,BING
"30 miles around Kansas City, Missouri, United States",CGDR,Nationwide,BING
30 miles around Lat: 26.64 Long: -81.86,CGDR,Nationwide,BING
30 miles around Lat: 27.5 Long: -82.57,CGDR,Nationwide,BING
30 miles around Lat: 29.1 Long: -82.02,CGDR,Nationwide,BING
30 miles around Lat: 33.75 Long: -84.39,CGDR,Nationwide,BING
30 miles around Lat: 33.82 Long: -116.51,CGDR,Nationwide,BING
30 miles around Lat: 34.05 Long: -118.24,CGDR,Nationwide,BING
30 miles around Lat: 34.1 Long: -117.29,CGDR,Nationwide,BING
30 miles around Lat: 34.28 Long: -118.44,CGDR,Nationwide,BING
30 miles around Lat: 35.78 Long: -78.64,CGDR,Nationwide,BING
30 miles around Lat: 38.66 Long: -77.25,CGDR,Nationwide,BING
30 miles around Lat: 38.84 Long: -104.82,CGDR,Nationwide,BING
30 miles around Lat: 39.74 Long: -104.99,CGDR,Nationwide,BING
30 miles around Lat: 39.95 Long: -75.17,CGDR,Nationwide,BING
30 miles around Lat: 40.59 Long: -105.08,CGDR,Nationwide,BING
30 miles around Lat: 45.52 Long: -122.68,CGDR,Nationwide,BING
30 miles around Lat: 47.26 Long: -122.44,CGDR,Nationwide,BING
30 miles around Lat: 47.61 Long: -122.33,CGDR,Nationwide,BING
30 miles around Lat: 48.4 Long: -122.24,CGDR,Nationwide,BING
"30 miles around Pittsburgh, PA",CGDR,Nationwide,BING
35 miles around Lat: 27.95 Long: -82.46,CGDR,Nationwide,BING
"40 miles around Ann Arbor, Michigan, United States",CGDR,Nationwide,BING
"40 miles around Boise, Idaho, United States",CGDR,Nationwide,BING
"40 miles around Charlotte, North Carolina, United States",CGDR,Nationwide,BING
"40 miles around Cleveland, Ohio, United States",CGDR,Nationwide,BING
"40 miles around Frankfort, Kentucky, United States",CGDR,Nationwide,BING
"40 miles around Lansing, Michigan, United States",CGDR,Nationwide,BING
40 miles around Lat: 28.54 Long: -81.38,CGDR,Nationwide,BING
40 miles around Lat: 29.76 Long: -95.37,CGDR,Nationwide,BING
40 miles around Lat: 30.27 Long: -97.74,CGDR,Nationwide,BING
40 miles around Lat: 35.22 Long: -80.84,CGDR,Nationwide,BING
40 miles around Lat: 36.17 Long: -115.14,CGDR,Nationwide,BING
40 miles around Lat: 38.63 Long: -90.2,CGDR,Nationwide,BING
"40 miles around Lexington, Kentucky, United States",CGDR,Nationwide,BING
"40 miles around Louisville, Kentucky, United States",CGDR,Nationwide,BING
"40 miles around Statesville, North Carolina, United States",CGDR,Nationwide,BING
"50 miles around Albany, NY",CGDR,Nationwide,BING
50 miles around Lat: 32.78 Long: -96.8,CGDR,Nationwide,BING
50 miles around Lat: 36.16 Long: -86.78,CGDR,Nationwide,BING
50 miles around Lat: 39.29 Long: -76.61,CGDR,Nationwide,BING
50 miles around Lat: 40.76 Long: -111.89,CGDR,Nationwide,BING
50 miles around Lat: 41.88 Long: -87.63,CGDR,Nationwide,BING
50 miles around Lat: 43.04 Long: -87.91,CGDR,Nationwide,BING
"53 miles around New Orleans, LA",CGDR,Nationwide,BING
"55 miles around Minneapolis, Minnesota, United States",CGDR,Nationwide,BING
60 miles around Lat: 33.45 Long: -112.08,CGDR,Nationwide,BING
"65 miles around Columbus, OH",CGDR,Nationwide,BING
"93111, California, United States (zip code)",CGDR,Nationwide,BING
"93117, California, United States (zip code)",CGDR,Nationwide,BING
"93401, California, United States (zip code)",CGDR,Nationwide,BING
"93402, California, United States (zip code)",CGDR,Nationwide,BING
"93405, California, United States (zip code)",CGDR,Nationwide,BING
"93420, California, United States (zip code)",CGDR,Nationwide,BING
"93422, California, United States (zip code)",CGDR,Nationwide,BING
"93424, California, United States (zip code)",CGDR,Nationwide,BING
"93427, California, United States (zip code)",CGDR,Nationwide,BING
"93428, California, United States (zip code)",CGDR,Nationwide,BING
"93429, California, United States (zip code)",CGDR,Nationwide,BING
"93430, California, United States (zip code)",CGDR,Nationwide,BING
"93432, California, United States (zip code)",CGDR,Nationwide,BING
"93433, California, United States (zip code)",CGDR,Nationwide,BING
"93434, California, United States (zip code)",CGDR,Nationwide,BING
"93435, California, United States (zip code)",CGDR,Nationwide,BING
"93436, California, United States (zip code)",CGDR,Nationwide,BING
"93437, California, United States (zip code)",CGDR,Nationwide,BING
"93440, California, United States (zip code)",CGDR,Nationwide,BING
"93441, California, United States (zip code)",CGDR,Nationwide,BING
"93442, California, United States (zip code)",CGDR,Nationwide,BING
"93444, California, United States (zip code)",CGDR,Nationwide,BING
"93445, California, United States (zip code)",CGDR,Nationwide,BING
"93446, California, United States (zip code)",CGDR,Nationwide,BING
"93449, California, United States (zip code)",CGDR,Nationwide,BING
"93452, California, United States (zip code)",CGDR,Nationwide,BING
"93453, California, United States (zip code)",CGDR,Nationwide,BING
"93454, California, United States (zip code)",CGDR,Nationwide,BING
"93455, California, United States (zip code)",CGDR,Nationwide,BING
"93458, California, United States (zip code)",CGDR,Nationwide,BING
"93460, California, United States (zip code)",CGDR,Nationwide,BING
"93461, California, United States (zip code)",CGDR,Nationwide,BING
"93463, California, United States (zip code)",CGDR,Nationwide,BING
"93465, California, United States (zip code)",CGDR,Nationwide,BING
"Bronx County, New York, United States (county)",CGDR,Nationwide,BING
"Cameron Park, California, United States (city)",CGDR,Nationwide,BING
"Connecticut, United States (state/province)",CGDR,Nationwide,BING
"Contra Costa County, California, United States (county)",CGDR,Nationwide,BING
"Detroit, Michigan, United States (city)",CGDR,Nationwide,BING
"Dunnigan, California, United States (city)",CGDR,Nationwide,BING
"East Palo Alto, California, United States (city)",CGDR,Nationwide,BING
"El Dorado Hills, California, United States (city)",CGDR,Nationwide,BING
"Esparto, California, United States (city)",CGDR,Nationwide,BING
"Fremont, California, United States (city)",CGDR,Nationwide,BING
"Guinda, California, United States (city)",CGDR,Nationwide,BING
"Kings County, New York, United States (county)",CGDR,Nationwide,BING
"Knights Landing, California, United States (city)",CGDR,Nationwide,BING
"Lucerne Valley, California, United States (city)",CGDR,Nationwide,BING
"Marin County, California, United States (county)",CGDR,Nationwide,BING
"Muskegon Heights, Michigan, United States (city)",CGDR,Nationwide,BING
"Muskegon, Michigan, United States (city)",CGDR,Nationwide,BING
"Napa County, California, United States (county)",CGDR,Nationwide,BING
"Nassau County, New York, United States (county)",CGDR,Nationwide,BING
"New Jersey, United States (state/province)",CGDR,Nationwide,BING
"New York County, New York, United States (county)",CGDR,Nationwide,BING
"North Muskegon, Michigan, United States (city)",CGDR,Nationwide,BING
"Olivehurst, California, United States (city)",CGDR,Nationwide,BING
"Orange County, California, United States (county)",CGDR,Nationwide,BING
"Queens County, New York, United States (county)",CGDR,Nationwide,BING
"Rio Vista, California, United States (city)",CGDR,Nationwide,BING
"Sacramento County, California, United States (county)",CGDR,Nationwide,BING
"San Joaquin County, California, United States (county)",CGDR,Nationwide,BING
"San Luis Obispo County, California, United States (county)",CGDR,Nationwide,BING
"San Mateo County, California, United States (county)",CGDR,Nationwide,BING
"Santa Clara County, California, United States (county)",CGDR,Nationwide,BING
"Santa Cruz County, California, United States (county)",CGDR,Nationwide,BING
"Solano County, California, United States (county)",CGDR,Nationwide,BING
"Sonoma County, California, United States (county)",CGDR,Nationwide,BING
"Stanislaus County, California, United States (county)",CGDR,Nationwide,BING
"Suffolk County, New York, United States (county)",CGDR,Nationwide,BING
"Sutter County, California, United States (county)",CGDR,Nationwide,BING
"Ventura County, California, United States (county)",CGDR,Nationwide,BING
"Wayne County, Michigan, United States (county)",CGDR,Nationwide,BING
"West Sacramento, California, United States (city)",CGDR,Nationwide,BING
"Winters, California, United States (city)",CGDR,Nationwide,BING
"Yolo County, California, United States (county)",CGDR,Nationwide,BING
"50 miles around Birmingham, Alabama, United States",CGDR,Alabama,BING
"40 miles around Bakersfield, CA",CGDR,Bakersfield,BING
"10 miles around Huron, Ohio, United States",CGDR,Cleveland,BING
"15 miles around Canton, Ohio, United States",CGDR,Cleveland,BING
"15 miles around Wooster, Ohio, United States",CGDR,Cleveland,BING
"15 miles around Youngstown, Ohio, United States",CGDR,Cleveland,BING
"40 miles around Cleveland, OH",CGDR,Cleveland,BING
"Akron, Ohio, United States (city)",CGDR,Cleveland,BING
"Delaware, United States (state/province)",CGDR,Delaware,BING
"15 miles around Barstow, California, United States",CGDR,Los Angeles,BING
"15 miles around Murrieta, California, United States",CGDR,Los Angeles,BING
"15 miles around Victorville, California, United States",CGDR,Los Angeles,BING
"20 miles around Lancaster, California, United States",CGDR,Los Angeles,BING
"25 miles around Santa Barbara, California, United States",CGDR,Los Angeles,BING
"30 miles around Los Angeles, California, United States",CGDR,Los Angeles,BING
"30 miles around Palm Springs, California, United States",CGDR,Los Angeles,BING
"30 miles around San Bernardino, California, United States",CGDR,Los Angeles,BING
"30 miles around San Fernando, California, United States",CGDR,Los Angeles,BING
"East Los Angeles, California, United States (city)",CGDR,Los Angeles,BING
"Lucerne Valley, California, United States (city)",CGDR,Los Angeles,BING
"Orange County, California, United States (county)",CGDR,Los Angeles,BING
"Ventura County, California, United States (county)",CGDR,Los Angeles,BING
"20 miles around Leesburg, Virginia, United States",CGDR,Maryland,BING
"30 miles around Woodbridge, Virginia, United States",CGDR,Maryland,BING
"40 miles around Baltimore, MD",CGDR,Maryland,BING
"20 miles around St Cloud, Minnesota, United States",CGDR,Minneapolis,BING
"55 miles around Minneapolis, Minnesota, United States",CGDR,Minneapolis,BING
"30 miles around Kansas City, Kansas, United States",CGDR,Kansas,BING
"New Jersey, United States (state/province)",CGDR,New,BING
"20 miles around Dayton, Ohio, United States",CGDR,Cincinnati,BING
"20 miles around Hamilton, Ohio, United States",CGDR,Cincinnati,BING
"Cincinnati, Ohio, United States (city)",CGDR,Cincinnati,BING
"15 miles around Glens Falls, NY",CGDR,Rochester,BING
"18 miles around Lockport, New York, United States",CGDR,Rochester,BING
"18 miles around Rochester, New York, United States",CGDR,Rochester,BING
"20 miles around Buffalo, New York, United States",CGDR,Rochester,BING
"20 miles around Syracuse, New York, United States",CGDR,Rochester,BING
"25 miles around Albion, New York, United States",CGDR,Rochester,BING
"25 miles around Lyons, New York, United States",CGDR,Rochester,BING
"Batavia, New York, United States (city)",CGDR,Rochester,BING
"Rochester, New York, United States (city)",CGDR,Rochester,BING
"Syracuse, New York, United States (city)",CGDR,Rochester,BING
"35 miles around Kyle, Texas, United States",CGDR,Austin,BING
"35 miles around San Marcos, Texas, United States",CGDR,Austin,BING
"35 miles around Schertz, Texas, United States",CGDR,Austin,BING
"40 miles around Austin, Texas, United States",CGDR,Austin,BING
"10 miles around Placerville, California, United States",CGDR,Sacramento,BING
"15 miles around Colfax, California, United States",CGDR,Sacramento,BING
"15 miles around Yuba City, California, United States",CGDR,Sacramento,BING
"20 miles around Lincoln, California, United States",CGDR,Sacramento,BING
"Cameron Park, California, United States (city)",CGDR,Sacramento,BING
"El Dorado Hills, California, United States (city)",CGDR,Sacramento,BING
"Napa County, California, United States (county)",CGDR,Sacramento,BING
"Sacramento County, California, United States (county)",CGDR,Sacramento,BING
"San Joaquin County, California, United States (county)",CGDR,Sacramento,BING
"Solano County, California, United States (county)",CGDR,Sacramento,BING
"Stanislaus County, California, United States (county)",CGDR,Sacramento,BING
"Sutter County, California, United States (county)",CGDR,Sacramento,BING
"Yolo County, California, United States (county)",CGDR,Sacramento,BING
"15 miles around Alpine, California, United States",CGDR,San Diego,BING
"15 miles around San Diego, California, United States",CGDR,San Diego,BING
"20 miles around Escondido, California, United States",CGDR,San Diego,BING
"20 miles around Oceanside, California, United States",CGDR,San Diego,BING
"92139, California, United States (zip code)",CGDR,San Diego,BING
"20 miles around 14 4th St, Hollister, CA 95023, United States",CGDR,San Francisco,BING
"20 miles around 58 Pacific St, Monterey, CA 93940, United States",CGDR,San Francisco,BING
"Alameda County, California, United States (county)",CGDR,San Francisco,BING
"Contra Costa County, California, United States (county)",CGDR,San Francisco,BING
"Fremont, California, United States (city)",CGDR,San Francisco,BING
"Hayward, California, United States (city)",CGDR,San Francisco,BING
"Marin County, California, United States (county)",CGDR,San Francisco,BING
"Napa County, California, United States (county)",CGDR,San Francisco,BING
"San Francisco, California, United States (city)",CGDR,San Francisco,BING
"San Mateo County, California, United States (county)",CGDR,San Francisco,BING
"Santa Clara County, California, United States (county)",CGDR,San Francisco,BING
"Santa Cruz County, California, United States (county)",CGDR,San Francisco,BING
"Solano County, California, United States (county)",CGDR,San Francisco,BING
"Sonoma County, California, United States (county)",CGDR,San Francisco,BING
"20 miles around Buellton, CA",CGDR,Santa Maria,BING
"20 miles around Santa Maria, California, United States",CGDR,Santa Maria,BING
"San Luis Obispo County, California, United States (county)",CGDR,Santa Maria,BING
"50 miles around Dallas, Texas, United States",CGDR,Dallas,BING
"50 miles around Milwaukee, WI",CGDR,Milwaukee,BING
"60 miles around Phoenix, Arizona, United States",D&R,Phoenix,BING
"Connecticut, United States (state/province)",D&R,Connecticut,BING
"20 miles around Silver Springs Shores, Florida, United States",D&R,Florida,BING
"25 miles around Bushnell, Florida, United States",D&R,Florida,BING
"25 miles around Fort Lauderdale, Florida, United States",D&R,Florida,BING
"25 miles around Lakeland, Florida, United States",D&R,Florida,BING
"25 miles around Marco Island, FL",D&R,Florida,BING
"25 miles around Miami, Florida, United States",D&R,Florida,BING
"25 miles around Naples, Florida, United States",D&R,Florida,BING
"25 miles around Palm Bay, Florida, United States",D&R,Florida,BING
"25 miles around Port St Lucie, Florida, United States",D&R,Florida,BING
"25 miles around Spring Hill, Florida, United States",D&R,Florida,BING
"25 miles around Venice, Florida, United States",D&R,Florida,BING
"25 miles around Vero Beach, Florida, United States",D&R,Florida,BING
"25 miles around West Palm Beach, Florida, United States",D&R,Florida,BING
"30 miles around Bradenton, Florida, United States",D&R,Florida,BING
"35 miles around Fort Myers, Florida, United States",D&R,Florida,BING
"35 miles around Tampa, Florida, United States",D&R,Florida,BING
"40 miles around Orlando, Florida, United States",D&R,Florida,BING
"20 miles around Chowchilla, California, United States",D&R,Fresno,BING
"20 miles around Hanford, California, United States",D&R,Fresno,BING
"20 miles around Tipton, California, United States",D&R,Fresno,BING
"30 miles around Fresno, California, United States",D&R,Fresno,BING
"20 miles around Galveston, Texas, United States",D&R,Houston,BING
"40 miles around Houston, Texas, United States",D&R,Houston,BING
"18 miles around Lexington, Kentucky, United States",D&R,Louisville,BING
"70 miles around Louisville, Kentucky, United States",D&R,Louisville,BING
"15 miles around Flint, Michigan, United States",D&R,Michigan,BING
"30 miles around Capac, Michigan, United States",D&R,Michigan,BING
"30 miles around Grand Rapids, Michigan, United States",D&R,Michigan,BING
"30 miles around Kalamazoo, MI",D&R,Michigan,BING
"40 miles around Ann Arbor, Michigan, United States",D&R,Michigan,BING
"40 miles around Lansing, Michigan, United States",D&R,Michigan,BING
"Detroit, Michigan, United States (city)",D&R,Michigan,BING
"Muskegon Heights, Michigan, United States (city)",D&R,Michigan,BING
"Muskegon, Michigan, United States (city)",D&R,Michigan,BING
"North Muskegon, Michigan, United States (city)",D&R,Michigan,BING
"Wayne County, Michigan, United States (county)",D&R,Michigan,BING
"20 miles around Crossville, Tennessee, United States",D&R,Nashville,BING
"25 miles around Cookeville, Tennessee, United States",D&R,Nashville,BING
"40 miles around Knoxville, Tennessee, United States",D&R,Nashville,BING
"50 miles around Nashville, Tennessee, United States",D&R,Nashville,BING
"50 miles around Salt Lake City, Utah, United States",D&R,Salt Lake,BING
"15 miles around Chesapeake, Virginia, United States",D&R,Virginia Beach,BING
"25 miles around Virginia Beach, Virginia, United States",D&R,Virginia Beach,BING
"Suffolk, Virginia, United States (city)",D&R,Virginia Beach,BING
"30 miles around Colorado Springs, Colorado, United States",ROCK,Denver,BING
"30 miles around Denver, Colorado, United States",ROCK,Denver,BING
"30 miles around Fort Collins, Colorado, United States",ROCK,Denver,BING
"10 miles around Homestead, Florida, United States",ROCK,Miami,BING
"20 miles around 1385 Brickell Ave, Miami, FL 33131, United States",ROCK,Miami,BING
"25 miles around 1053 20th Pl, Vero Beach, FL 32960, United States",ROCK,Miami,BING
"25 miles around 222 S Massachusetts Ave, Lakeland, FL 33801, Unite",ROCK,Miami,BING
"25 miles around 2809 Palm Bay Rd NE, Palm Bay, FL 32905-4215, Unit",ROCK,Miami,BING
"25 miles around 300 N Main St, Bushnell, FL 33513, United States",ROCK,Miami,BING
"25 miles around 3343 Bluffview Dr, Spring Hill, FL 34609-2725, Uni",ROCK,Miami,BING
"25 miles around 401 W Venice Ave, Venice, FL 34285, United States",ROCK,Miami,BING
"25 miles around 500 Banyan Blvd, West Palm Beach, FL 33401, United",ROCK,Miami,BING
"25 miles around 708 8th St S, Naples, FL 34102, United States",ROCK,Miami,BING
"25 miles around 974 Federal Hwy, Fort Lauderdale, FL 33301, United",ROCK,Miami,BING
"25 miles around Ronald Reagan Tpke, Port St Lucie, FL 34984, Unite",ROCK,Miami,BING
"30 miles around 102 Old Main St, Bradenton, FL 34205, United State",ROCK,Miami,BING
"30 miles around 155 Water Track, Ocala, FL 34472, United States",ROCK,Miami,BING
"30 miles around 2592 Dr Martin Luther King JR Blvd, Fort Myers, FL",ROCK,Miami,BING
"30 miles around 900 N Florida Ave, Tampa, FL 33602-3806, United St",ROCK,Miami,BING
"40 miles around 314 S Orange Ave, Orlando, FL 32801, United States",ROCK,Miami,BING
"40 miles around Atlanta, Georgia, United States",ROCK,Atlanta,BING
"15 miles around Aurora, Illinois, United States",ROCK,Chicago,BING
"15 miles around Joliet, IL",ROCK,Chicago,BING
"15 miles around Waukegan, Illinois, United States",ROCK,Chicago,BING
"25 miles around Elgin, Illinois, United States",ROCK,Chicago,BING
"30 miles around Chicago, IL",ROCK,Chicago,BING
"40 miles around Indianapolis, IN",ROCK,Indianapolis,BING
"25 miles around Jacksonville, Florida, United States",ROCK,Pensacola,BING
"20 miles around Gaffney, SC",ROCK,Charlotte,BING
"40 miles around Charlotte, North Carolina, United States",ROCK,Charlotte,BING
"40 miles around Statesville, North Carolina, United States",ROCK,Charlotte,BING
"40 miles around Las Vegas, Nevada, United States",ROCK,Las Vegas,BING
"20 miles around Eugene, Oregon, United States",ROCK,Portland,BING
"25 miles around Albany, Oregon, United States",ROCK,Portland,BING
"25 miles around Keizer, Oregon, United States",ROCK,Portland,BING
"25 miles around Portland, Oregon, United States",ROCK,Portland,BING
"30 miles around Philadelphia, PA",ROCK,Philadelphia,BING
"25 miles around 23320, Virginia, United States",ROCK,Richmond/Virginia,BING
"25 miles around Ednas Mill, VA",ROCK,Richmond/Virginia,BING
"25 miles around Newport News, Virginia, United States",ROCK,Richmond/Virginia,BING
"25 miles around Norfolk, Virginia, United States",ROCK,Richmond/Virginia,BING
"25 miles around Petersburg, Virginia, United States",ROCK,Richmond/Virginia,BING
"25 miles around Richmond, Virginia, United States",ROCK,Richmond/Virginia,BING
"25 miles around Rushmere, Virginia, United States",ROCK,Richmond/Virginia,BING
"25 miles around Suffolk, Virginia, United States",ROCK,Richmond/Virginia,BING
"25 miles around Varina, VA",ROCK,Richmond/Virginia,BING
"25 miles around Virginia Beach, Virginia, United States",ROCK,Richmond/Virginia,BING
"25 miles around Ware Neck, VA",ROCK,Richmond/Virginia,BING
"25 miles around Williamsburg, Virginia, United States",ROCK,Richmond/Virginia,BING
"98001, Washington, United States (zip code)",ROCK,Seattle,BING
"98002, Washington, United States (zip code)",ROCK,Seattle,BING
"98003, Washington, United States (zip code)",ROCK,Seattle,BING
"98004, Washington, United States (zip code)",ROCK,Seattle,BING
"98005, Washington, United States (zip code)",ROCK,Seattle,BING
"98006, Washington, United States (zip code)",ROCK,Seattle,BING
"98007, Washington, United States (zip code)",ROCK,Seattle,BING
"98008, Washington, United States (zip code)",ROCK,Seattle,BING
"98012, Washington, United States (zip code)",ROCK,Seattle,BING
"98020, Washington, United States (zip code)",ROCK,Seattle,BING
"98021, Washington, United States (zip code)",ROCK,Seattle,BING
"98023, Washington, United States (zip code)",ROCK,Seattle,BING
"98026, Washington, United States (zip code)",ROCK,Seattle,BING
"98028, Washington, United States (zip code)",ROCK,Seattle,BING
"98030, Washington, United States (zip code)",ROCK,Seattle,BING
"98031, Washington, United States (zip code)",ROCK,Seattle,BING
"98032, Washington, United States (zip code)",ROCK,Seattle,BING
"98033, Washington, United States (zip code)",ROCK,Seattle,BING
"98034, Washington, United States (zip code)",ROCK,Seattle,BING
"98036, Washington, United States (zip code)",ROCK,Seattle,BING
"98037, Washington, United States (zip code)",ROCK,Seattle,BING
"98039, Washington, United States (zip code)",ROCK,Seattle,BING
"98040, Washington, United States (zip code)",ROCK,Seattle,BING
"98042, Washington, United States (zip code)",ROCK,Seattle,BING
"98043, Washington, United States (zip code)",ROCK,Seattle,BING
"98047, Washington, United States (zip code)",ROCK,Seattle,BING
"98052, Washington, United States (zip code)",ROCK,Seattle,BING
"98055, Washington, United States (zip code)",ROCK,Seattle,BING
"98056, Washington, United States (zip code)",ROCK,Seattle,BING
"98057, Washington, United States (zip code)",ROCK,Seattle,BING
"98058, Washington, United States (zip code)",ROCK,Seattle,BING
"98059, Washington, United States (zip code)",ROCK,Seattle,BING
"98070, Washington, United States (zip code)",ROCK,Seattle,BING
"98072, Washington, United States (zip code)",ROCK,Seattle,BING
"98087, Washington, United States (zip code)",ROCK,Seattle,BING
"98092, Washington, United States (zip code)",ROCK,Seattle,BING
"98102, Washington, United States (zip code)",ROCK,Seattle,BING
"98103, Washington, United States (zip code)",ROCK,Seattle,BING
"98105, Washington, United States (zip code)",ROCK,Seattle,BING
"98106, Washington, United States (zip code)",ROCK,Seattle,BING
"98108, Washington, United States (zip code)",ROCK,Seattle,BING
"98109, Washington, United States (zip code)",ROCK,Seattle,BING
"98110, Washington, United States (zip code)",ROCK,Seattle,BING
"98112, Washington, United States (zip code)",ROCK,Seattle,BING
"98115, Washington, United States (zip code)",ROCK,Seattle,BING
"98116, Washington, United States (zip code)",ROCK,Seattle,BING
"98117, Washington, United States (zip code)",ROCK,Seattle,BING
"98118, Washington, United States (zip code)",ROCK,Seattle,BING
"98119, Washington, United States (zip code)",ROCK,Seattle,BING
"98122, Washington, United States (zip code)",ROCK,Seattle,BING
"98125, Washington, United States (zip code)",ROCK,Seattle,BING
"98126, Washington, United States (zip code)",ROCK,Seattle,BING
"98133, Washington, United States (zip code)",ROCK,Seattle,BING
"98134, Washington, United States (zip code)",ROCK,Seattle,BING
"98136, Washington, United States (zip code)",ROCK,Seattle,BING
"98144, Washington, United States (zip code)",ROCK,Seattle,BING
"98146, Washington, United States (zip code)",ROCK,Seattle,BING
"98148, Washington, United States (zip code)",ROCK,Seattle,BING
"98155, Washington, United States (zip code)",ROCK,Seattle,BING
"98158, Washington, United States (zip code)",ROCK,Seattle,BING
"98166, Washington, United States (zip code)",ROCK,Seattle,BING
"98168, Washington, United States (zip code)",ROCK,Seattle,BING
"98177, Washington, United States (zip code)",ROCK,Seattle,BING
"98178, Washington, United States (zip code)",ROCK,Seattle,BING
"98188, Washington, United States (zip code)",ROCK,Seattle,BING
"98198, Washington, United States (zip code)",ROCK,Seattle,BING
"98199, Washington, United States (zip code)",ROCK,Seattle,BING
"98201, Washington, United States (zip code)",ROCK,Seattle,BING
"98203, Washington, United States (zip code)",ROCK,Seattle,BING
"98204, Washington, United States (zip code)",ROCK,Seattle,BING
"98208, Washington, United States (zip code)",ROCK,Seattle,BING
"98220, Washington, United States (zip code)",ROCK,Seattle,BING
"98223, Washington, United States (zip code)",ROCK,Seattle,BING
"98225, Washington, United States (zip code)",ROCK,Seattle,BING
"98226, Washington, United States (zip code)",ROCK,Seattle,BING
"98229, Washington, United States (zip code)",ROCK,Seattle,BING
"98232, Washington, United States (zip code)",ROCK,Seattle,BING
"98233, Washington, United States (zip code)",ROCK,Seattle,BING
"98236, Washington, United States (zip code)",ROCK,Seattle,BING
"98239, Washington, United States (zip code)",ROCK,Seattle,BING
"98249, Washington, United States (zip code)",ROCK,Seattle,BING
"98253, Washington, United States (zip code)",ROCK,Seattle,BING
"98257, Washington, United States (zip code)",ROCK,Seattle,BING
"98258, Washington, United States (zip code)",ROCK,Seattle,BING
"98260, Washington, United States (zip code)",ROCK,Seattle,BING
"98270, Washington, United States (zip code)",ROCK,Seattle,BING
"98271, Washington, United States (zip code)",ROCK,Seattle,BING
"98272, Washington, United States (zip code)",ROCK,Seattle,BING
"98273, Washington, United States (zip code)",ROCK,Seattle,BING
"98274, Washington, United States (zip code)",ROCK,Seattle,BING
"98275, Washington, United States (zip code)",ROCK,Seattle,BING
"98277, Washington, United States (zip code)",ROCK,Seattle,BING
"98282, Washington, United States (zip code)",ROCK,Seattle,BING
"98284, Washington, United States (zip code)",ROCK,Seattle,BING
"98290, Washington, United States (zip code)",ROCK,Seattle,BING
"98292, Washington, United States (zip code)",ROCK,Seattle,BING
"98296, Washington, United States (zip code)",ROCK,Seattle,BING
"98303, Washington, United States (zip code)",ROCK,Seattle,BING
"98310, Washington, United States (zip code)",ROCK,Seattle,BING
"98311, Washington, United States (zip code)",ROCK,Seattle,BING
"98312, Washington, United States (zip code)",ROCK,Seattle,BING
"98315, Washington, United States (zip code)",ROCK,Seattle,BING
"98320, Washington, United States (zip code)",ROCK,Seattle,BING
"98327, Washington, United States (zip code)",ROCK,Seattle,BING
"98329, Washington, United States (zip code)",ROCK,Seattle,BING
"98332, Washington, United States (zip code)",ROCK,Seattle,BING
"98333, Washington, United States (zip code)",ROCK,Seattle,BING
"98335, Washington, United States (zip code)",ROCK,Seattle,BING
"98337, Washington, United States (zip code)",ROCK,Seattle,BING
"98340, Washington, United States (zip code)",ROCK,Seattle,BING
"98342, Washington, United States (zip code)",ROCK,Seattle,BING
"98346, Washington, United States (zip code)",ROCK,Seattle,BING
"98349, Washington, United States (zip code)",ROCK,Seattle,BING
"98351, Washington, United States (zip code)",ROCK,Seattle,BING
"98354, Washington, United States (zip code)",ROCK,Seattle,BING
"98359, Washington, United States (zip code)",ROCK,Seattle,BING
"98360, Washington, United States (zip code)",ROCK,Seattle,BING
"98365, Washington, United States (zip code)",ROCK,Seattle,BING
"98366, Washington, United States (zip code)",ROCK,Seattle,BING
"98367, Washington, United States (zip code)",ROCK,Seattle,BING
"98370, Washington, United States (zip code)",ROCK,Seattle,BING
"98371, Washington, United States (zip code)",ROCK,Seattle,BING
"98372, Washington, United States (zip code)",ROCK,Seattle,BING
"98373, Washington, United States (zip code)",ROCK,Seattle,BING
"98374, Washington, United States (zip code)",ROCK,Seattle,BING
"98375, Washington, United States (zip code)",ROCK,Seattle,BING
"98380, Washington, United States (zip code)",ROCK,Seattle,BING
"98383, Washington, United States (zip code)",ROCK,Seattle,BING
"98387, Washington, United States (zip code)",ROCK,Seattle,BING
"98388, Washington, United States (zip code)",ROCK,Seattle,BING
"98390, Washington, United States (zip code)",ROCK,Seattle,BING
"98391, Washington, United States (zip code)",ROCK,Seattle,BING
"98392, Washington, United States (zip code)",ROCK,Seattle,BING
"98394, Washington, United States (zip code)",ROCK,Seattle,BING
"98404, Washington, United States (zip code)",ROCK,Seattle,BING
"98405, Washington, United States (zip code)",ROCK,Seattle,BING
"98406, Washington, United States (zip code)",ROCK,Seattle,BING
"98407, Washington, United States (zip code)",ROCK,Seattle,BING
"98408, Washington, United States (zip code)",ROCK,Seattle,BING
"98409, Washington, United States (zip code)",ROCK,Seattle,BING
"98421, Washington, United States (zip code)",ROCK,Seattle,BING
"98422, Washington, United States (zip code)",ROCK,Seattle,BING
"98424, Washington, United States (zip code)",ROCK,Seattle,BING
"98433, Washington, United States (zip code)",ROCK,Seattle,BING
"98438, Washington, United States (zip code)",ROCK,Seattle,BING
"98439, Washington, United States (zip code)",ROCK,Seattle,BING
"98443, Washington, United States (zip code)",ROCK,Seattle,BING
"98444, Washington, United States (zip code)",ROCK,Seattle,BING
"98445, Washington, United States (zip code)",ROCK,Seattle,BING
"98446, Washington, United States (zip code)",ROCK,Seattle,BING
"98465, Washington, United States (zip code)",ROCK,Seattle,BING
"98466, Washington, United States (zip code)",ROCK,Seattle,BING
"98467, Washington, United States (zip code)",ROCK,Seattle,BING
"98498, Washington, United States (zip code)",ROCK,Seattle,BING
"98499, Washington, United States (zip code)",ROCK,Seattle,BING
"98501, Washington, United States (zip code)",ROCK,Seattle,BING
"98502, Washington, United States (zip code)",ROCK,Seattle,BING
"98503, Washington, United States (zip code)",ROCK,Seattle,BING
"98506, Washington, United States (zip code)",ROCK,Seattle,BING
"98512, Washington, United States (zip code)",ROCK,Seattle,BING
"98513, Washington, United States (zip code)",ROCK,Seattle,BING
"98516, Washington, United States (zip code)",ROCK,Seattle,BING
"98524, Washington, United States (zip code)",ROCK,Seattle,BING
"98528, Washington, United States (zip code)",ROCK,Seattle,BING
"98546, Washington, United States (zip code)",ROCK,Seattle,BING
"98584, Washington, United States (zip code)",ROCK,Seattle,BING
"98588, Washington, United States (zip code)",ROCK,Seattle,BING
"98592, Washington, United States (zip code)",ROCK,Seattle,BING
"Edgewood, Washington, United States (city)",ROCK,Seattle,BING
"Federal Way, Washington, United States (city)",ROCK,Seattle,BING
"Fife, Washington, United States (city)",ROCK,Seattle,BING
"Lakewood, Washington, United States (city)",ROCK,Seattle,BING
"Parkland, Washington, United States (city)",ROCK,Seattle,BING
"Puyallup, Washington, United States (city)",ROCK,Seattle,BING
"Seattle, Washington, United States (city)",ROCK,Seattle,BING
"Tacoma, Washington, United States (city)",ROCK,Seattle,BING
"University Place, Washington, United States (city)",ROCK,Seattle,BING
"35 miles around Cincinnati, Ohio, United States",SPHERE,Columbus,BING
"65 miles around Columbus, Ohio, United States",SPHERE,Columbus,BING
"27 miles around Dayton, Ohio, United States",SPHERE,Columbus,BING
"30 miles around Hunter, OH",SPHERE,Columbus,BING
"40 miles around Boise, Idaho, United States",SPHERE,Idaho,BING
"55 miles around Lincoln, Nebraska, United States",SPHERE,Omaha,BING
"40 miles around Oklahoma City, OK",SPHERE,Tulsa,BING
"40 miles around Tulsa, OK",SPHERE,Tulsa,BING
"20 miles around Clarksburg, PA",SPHERE,Pittsburgh,BING
"20 miles around Connellsville, Pennsylvania, United States",SPHERE,Pittsburgh,BING
"30 miles around Pittsburgh, Pennsylvania, United States",SPHERE,Pittsburgh,BING
"40 miles around St Louis, Missouri, United States",SPHERE,St. Louis,BING